ward_code,population_2011,males,females,households,children_0_6,literates,literacy_rate_pct,workers,sc_population,st_population,sex_ratio,avg_household_size
A,185014,101227,83787,43866,18283,146235,87.71,83760,13634,3193,827.7,4.22
B,127290,70445,56845,27140,12271,101448,88.2,50218,5338,1089,806.9,4.69
C,166161,98027,68134,36479,11454,140863,91.05,79238,2308,378,695.1,4.55
D,346866,182988,163878,77556,23423,294478,91.04,153093,16844,1629,895.6,4.47
E,393286,216067,177219,78346,37199,312208,87.68,159659,22214,2607,820.2,5.02
F/N,529034,285184,243850,119624,52586,420492,88.26,207964,37217,5833,855.1,4.42
F/S,360972,190739,170233,79733,30517,303043,91.7,141211,26181,2530,892.5,4.53
G/N,599039,331169,267870,128138,57020,477951,88.18,250032,58499,3779,808.9,4.67
G/S,377749,208762,168987,83457,30133,312304,89.84,159221,37699,4055,809.5,4.53
H/E,557239,305866,251373,120266,54981,449176,89.43,230883,34495,4180,821.8,4.63
H/W,307581,161697,145884,72943,24008,259776,91.61,132501,9711,2864,902.2,4.22
K/E,823885,440655,383230,190845,74083,687037,91.63,339860,33764,7617,869.7,4.32
K/W,748688,401462,347226,168076,67498,612139,89.86,313562,20633,6780,864.9,4.45
L,902225,500613,401612,186833,103641,709306,88.82,343869,58884,5676,802.2,4.83
M/E,807720,436557,371163,166400,105741,585336,83.38,285029,78104,9874,850.2,4.85
M/W,411893,217631,194262,93607,41321,329472,88.91,168040,73874,3975,892.6,4.4
N,622853,332627,290226,137885,61073,509013,90.61,241779,50998,6814,872.5,4.52
P/N,941366,507517,433849,211642,100079,750036,89.15,371650,38590,10467,854.8,4.45
P/S,463507,249502,214005,106922,44172,378848,90.34,192818,27651,7554,857.7,4.34
R/C,562162,289153,273009,134795,44881,480279,92.85,226167,27325,8245,944.2,4.17
R/N,431368,233710,197658,104091,40719,356166,91.17,177401,14060,5597,845.7,4.14
R/S,691229,379319,311910,159639,65716,565695,90.44,281884,31166,8424,822.3,4.33
S,743783,398858,344925,169962,75168,611024,91.39,292474,60833,9609,864.8,4.38
T,341463,176156,165307,81698,27803,292182,93.15,137104,23214,6884,938.4,4.18
